antibody,source,study
BD-196,WT convalescents,imprinted_2022
BD-254,WT convalescents,imprinted_2022
BD-319,WT convalescents,imprinted_2022
BD-320,WT convalescents,imprinted_2022
BD-362,WT convalescents,imprinted_2022
BD-368,WT convalescents,imprinted_2022
BD-369,WT convalescents,imprinted_2022
BD-397,WT convalescents,imprinted_2022
BD-403,WT convalescents,imprinted_2022
BD-417,WT convalescents,imprinted_2022
BD-449,WT convalescents,imprinted_2022
BD-467,WT convalescents,imprinted_2022
BD-498,WT convalescents,imprinted_2022
BD-500,WT convalescents,imprinted_2022
BD-503,WT convalescents,imprinted_2022
BD-508,WT convalescents,imprinted_2022
BD-515,WT convalescents,imprinted_2022
BD-536,WT convalescents,imprinted_2022
BD-566,WT convalescents,imprinted_2022
DXP-593,WT convalescents,imprinted_2022
BD-598,WT convalescents,imprinted_2022
BD-599,WT convalescents,imprinted_2022
BD-612,WT convalescents,imprinted_2022
BD-618,WT convalescents,imprinted_2022
BD-623,WT convalescents,imprinted_2022
S2X35,WT convalescents,imprinted_2022
S2X259,WT convalescents,imprinted_2022
P5A-3A1,WT convalescents,imprinted_2022
LY-CoV555,WT convalescents,imprinted_2022
CV05-163,WT convalescents,imprinted_2022
CV38-142,WT convalescents,imprinted_2022
P2B-1A10,WT convalescents,imprinted_2022
P5A-2G9,WT convalescents,imprinted_2022
C058,WT convalescents,imprinted_2022
C083,WT convalescents,imprinted_2022
C085,WT convalescents,imprinted_2022
C089,WT convalescents,imprinted_2022
C597,WT convalescents,imprinted_2022
C547,WT convalescents,imprinted_2022
C552,WT convalescents,imprinted_2022
C556,WT convalescents,imprinted_2022
C213,WT convalescents,imprinted_2022
C217,WT convalescents,imprinted_2022
C093,WT convalescents,imprinted_2022
C034,WT convalescents,imprinted_2022
C048,WT convalescents,imprinted_2022
C576,WT convalescents,imprinted_2022
C578,WT convalescents,imprinted_2022
C581,WT convalescents,imprinted_2022
C591,WT convalescents,imprinted_2022
C594,WT convalescents,imprinted_2022
S2M11,WT convalescents,imprinted_2022
CM32,WT convalescents,imprinted_2022
CV2-75,WT convalescents,imprinted_2022
LY-CoV1404,WT convalescents,imprinted_2022
BG7-20,WT convalescents,imprinted_2022
Ehling_mAb-64,WT convalescents,imprinted_2022
S2H14,WT convalescents,imprinted_2022
Ehling_mAb-82,WT convalescents,imprinted_2022
DH1043,WT convalescents,imprinted_2022
DH1042,WT convalescents,imprinted_2022
DH1179,WT convalescents,imprinted_2022
DH1184,WT convalescents,imprinted_2022
DH1186,WT convalescents,imprinted_2022
DH1044,WT convalescents,imprinted_2022
DH1126,WT convalescents,imprinted_2022
S2H13,WT convalescents,imprinted_2022
DH1161-1,WT convalescents,imprinted_2022
DH1173,WT convalescents,imprinted_2022
DH1154,WT convalescents,imprinted_2022
DH1151,WT convalescents,imprinted_2022
DH1160,WT convalescents,imprinted_2022
DH1140,WT convalescents,imprinted_2022
DH1210,WT convalescents,imprinted_2022
S2E12,WT convalescents,imprinted_2022
DH1045,WT convalescents,imprinted_2022
DH1180,WT convalescents,imprinted_2022
DH1183,WT convalescents,imprinted_2022
DH1128,WT convalescents,imprinted_2022
DH1129,WT convalescents,imprinted_2022
DH1155,WT convalescents,imprinted_2022
DH1193,WT convalescents,imprinted_2022
DH1111,WT convalescents,imprinted_2022
DH1161-2,WT convalescents,imprinted_2022
S2A4,WT convalescents,imprinted_2022
DH1130,WT convalescents,imprinted_2022
DH1063,WT convalescents,imprinted_2022
DH1082,WT convalescents,imprinted_2022
DH1159-2,WT convalescents,imprinted_2022
DH1196,WT convalescents,imprinted_2022
P4A1,WT convalescents,imprinted_2022
DH1214,WT convalescents,imprinted_2022
TAU-1115,WT convalescents,imprinted_2022
TAU-2189,WT convalescents,imprinted_2022
TAU-2230,WT convalescents,imprinted_2022
BRII-196,WT convalescents,imprinted_2022
CV07-200,WT convalescents,imprinted_2022
CV07-209,WT convalescents,imprinted_2022
CV07-222,WT convalescents,imprinted_2022
CV07-255,WT convalescents,imprinted_2022
CV07-262,WT convalescents,imprinted_2022
P2C-1A3,WT convalescents,imprinted_2022
CV07-283,WT convalescents,imprinted_2022
CV07-287,WT convalescents,imprinted_2022
CV07-315,WT convalescents,imprinted_2022
CV-X2-106,WT convalescents,imprinted_2022
COV2-3025,WT convalescents,imprinted_2022
COV2-2046,WT convalescents,imprinted_2022
COV2-2098,WT convalescents,imprinted_2022
COV2-2504,WT convalescents,imprinted_2022
COV2-2308,WT convalescents,imprinted_2022
COV2-2391,WT convalescents,imprinted_2022
COV2-2113,WT convalescents,imprinted_2022
COV2-2064,WT convalescents,imprinted_2022
COV2-2684,WT convalescents,imprinted_2022
COV2-2072,WT convalescents,imprinted_2022
COV2-2539,WT convalescents,imprinted_2022
COV2-2389,WT convalescents,imprinted_2022
COV2-2413,WT convalescents,imprinted_2022
COV2-2381,WT convalescents,imprinted_2022
COV2-2628,WT convalescents,imprinted_2022
COV2-2353,WT convalescents,imprinted_2022
LY-CoV488,WT convalescents,imprinted_2022
COV2-2589,WT convalescents,imprinted_2022
COV2-2693,WT convalescents,imprinted_2022
COV2-2919,WT convalescents,imprinted_2022
COV2-2780,WT convalescents,imprinted_2022
COV2-2941,WT convalescents,imprinted_2022
COV2-2479,WT convalescents,imprinted_2022
LY-CoV481,WT convalescents,imprinted_2022
COV2-2955,WT convalescents,imprinted_2022
COV2-2499,WT convalescents,imprinted_2022
COV2-2268,WT convalescents,imprinted_2022
COV2-2760,WT convalescents,imprinted_2022
COV2-2807,WT convalescents,imprinted_2022
H4,WT convalescents,imprinted_2022
COV2-2734,WT convalescents,imprinted_2022
COV2-2848,WT convalescents,imprinted_2022
COV2-2678,WT convalescents,imprinted_2022
COV2-2514,WT convalescents,imprinted_2022
COV2-2828,WT convalescents,imprinted_2022
EY6A,WT convalescents,imprinted_2022
DH1041,WT convalescents,imprinted_2022
CV30,WT convalescents,imprinted_2022
CV07-270,WT convalescents,imprinted_2022
COVOX-75,WT convalescents,imprinted_2022
COVOX-45,WT convalescents,imprinted_2022
COVOX-384,WT convalescents,imprinted_2022
COVOX-316,WT convalescents,imprinted_2022
COVOX-253H55L,WT convalescents,imprinted_2022
COVOX-253H165L,WT convalescents,imprinted_2022
COVA2-39,WT convalescents,imprinted_2022
COVA2-04,WT convalescents,imprinted_2022
COVA1-16,WT convalescents,imprinted_2022
CC12.3,WT convalescents,imprinted_2022
CC12.1,WT convalescents,imprinted_2022
LY-CoV016,WT convalescents,imprinted_2022
C1A-F10,WT convalescents,imprinted_2022
C1A-C2,WT convalescents,imprinted_2022
C1A-B3,WT convalescents,imprinted_2022
C1A-B12,WT convalescents,imprinted_2022
C144,WT convalescents,imprinted_2022
C121,WT convalescents,imprinted_2022
C119,WT convalescents,imprinted_2022
C110,WT convalescents,imprinted_2022
C105,WT convalescents,imprinted_2022
C102,WT convalescents,imprinted_2022
C002,WT convalescents,imprinted_2022
P2B-2F6,WT convalescents,imprinted_2022
BG1-24,WT convalescents,imprinted_2022
B38,WT convalescents,imprinted_2022
7D6,WT convalescents,imprinted_2022
2-15,WT convalescents,imprinted_2022
1-57,WT convalescents,imprinted_2022
BD55-1009,WT convalescents,imprinted_2022
BD55-1027,WT convalescents,imprinted_2022
BD55-1028,WT convalescents,imprinted_2022
BD55-1029,WT convalescents,imprinted_2022
BD55-1034,WT convalescents,imprinted_2022
BD55-1035,WT convalescents,imprinted_2022
BD55-1038,WT convalescents,imprinted_2022
BD55-1039,WT convalescents,imprinted_2022
BD55-1041,WT convalescents,imprinted_2022
BD55-1049,WT convalescents,imprinted_2022
BD55-1051,WT convalescents,imprinted_2022
BD55-1064,WT convalescents,imprinted_2022
BD55-1065,WT convalescents,imprinted_2022
BD55-1070,WT convalescents,imprinted_2022
BD55-1075,WT convalescents,imprinted_2022
BD55-1087,WT convalescents,imprinted_2022
BD55-1092,WT convalescents,imprinted_2022
BD55-1093,WT convalescents,imprinted_2022
BD55-1104,WT convalescents,imprinted_2022
BD55-1117,WT convalescents,imprinted_2022
BD55-1128,WT convalescents,imprinted_2022
BD55-1129,WT convalescents,imprinted_2022
BD55-1132,WT convalescents,imprinted_2022
BD55-1136,WT convalescents,imprinted_2022
BD55-1140,WT convalescents,imprinted_2022
BD55-1141,WT convalescents,imprinted_2022
BD55-1144,WT convalescents,imprinted_2022
BD55-1145,WT convalescents,imprinted_2022
BD55-1146,WT convalescents,imprinted_2022
BD55-1162,WT convalescents,imprinted_2022
BD55-1179,WT convalescents,imprinted_2022
BD55-1180,WT convalescents,imprinted_2022
BD55-1192,WT convalescents,imprinted_2022
BD55-1211,WT convalescents,imprinted_2022
BD55-1214,WT convalescents,imprinted_2022
BD55-1223,WT convalescents,imprinted_2022
BD55-1226,WT convalescents,imprinted_2022
BD55-1239,WT convalescents,imprinted_2022
BD55-1241,WT convalescents,imprinted_2022
BD55-1242,WT convalescents,imprinted_2022
BD55-1244,WT convalescents,imprinted_2022
BD55-1245,WT convalescents,imprinted_2022
BD55-1249,WT convalescents,imprinted_2022
BD55-1256,WT convalescents,imprinted_2022
BD55-1257,WT convalescents,imprinted_2022
BD55-1263,WT convalescents,imprinted_2022
BD55-1266,WT convalescents,imprinted_2022
BD55-1268,WT convalescents,imprinted_2022
BD55-1273,WT convalescents,imprinted_2022
BD55-1275,WT convalescents,imprinted_2022
BD55-1278,WT convalescents,imprinted_2022
BD55-1297,WT convalescents,imprinted_2022
BD55-1332,WT convalescents,imprinted_2022
BD55-1334,WT convalescents,imprinted_2022
BD55-1338,WT convalescents,imprinted_2022
BD55-1341,WT convalescents,imprinted_2022
BD55-1343,WT convalescents,imprinted_2022
BD55-1354,WT convalescents,imprinted_2022
BD55-1374,WT convalescents,imprinted_2022
BD55-1391,WT convalescents,imprinted_2022
BD55-1396,WT convalescents,imprinted_2022
BD55-1398,WT convalescents,imprinted_2022
BD55-1403,WT convalescents,imprinted_2022
BD55-1405,WT convalescents,imprinted_2022
BD55-1421,WT convalescents,imprinted_2022
BD55-1429,WT convalescents,imprinted_2022
BD55-1432,WT convalescents,imprinted_2022
BD55-1435,WT convalescents,imprinted_2022
BD55-1445,WT convalescents,imprinted_2022
BD55-1450,WT convalescents,imprinted_2022
BD55-1453,WT convalescents,imprinted_2022
BD55-1458,WT convalescents,imprinted_2022
BD55-1464,WT convalescents,imprinted_2022
BD55-1499,WT convalescents,imprinted_2022
BD55-1508,WT convalescents,imprinted_2022
BD55-1558,WT convalescents,imprinted_2022
BD55-1579,WT convalescents,imprinted_2022
BD55-1604,WT convalescents,imprinted_2022
BD55-1694,WT convalescents,imprinted_2022
BD55-1706,WT convalescents,imprinted_2022
BD-807,WT convalescents,imprinted_2022
BD55-1789,WT convalescents,imprinted_2022
BD-809,WT convalescents,imprinted_2022
BD55-1809,WT convalescents,imprinted_2022
BD55-1831,WT convalescents,imprinted_2022
BD-815,WT convalescents,imprinted_2022
BD55-1868,WT convalescents,imprinted_2022
BD-817,WT convalescents,imprinted_2022
BD-819,WT convalescents,imprinted_2022
BD-821,WT convalescents,imprinted_2022
BD-822,WT convalescents,imprinted_2022
BD-824,WT convalescents,imprinted_2022
BD55-1962,WT convalescents,imprinted_2022
BD-827,WT convalescents,imprinted_2022
BD-828,WT convalescents,imprinted_2022
BD-833,WT convalescents,imprinted_2022
BD-835,WT convalescents,imprinted_2022
BD-837,WT convalescents,imprinted_2022
BD-843,WT convalescents,imprinted_2022
BD-846,WT convalescents,imprinted_2022
BD-849,WT convalescents,imprinted_2022
BD-863,WT convalescents,imprinted_2022
BD-864,WT convalescents,imprinted_2022
BD-870,WT convalescents,imprinted_2022
BD-898,WT convalescents,imprinted_2022
BD-899,WT convalescents,imprinted_2022
BD-900,WT convalescents,imprinted_2022
BD-904,WT convalescents,imprinted_2022
BD-906,WT convalescents,imprinted_2022
BD-907,WT convalescents,imprinted_2022
BD-912,WT convalescents,imprinted_2022
BD-913,WT convalescents,imprinted_2022
BD55-547,WT convalescents,imprinted_2022
BD55-556,WT convalescents,imprinted_2022
BD55-557,WT convalescents,imprinted_2022
BD55-583,WT convalescents,imprinted_2022
BD55-587,WT convalescents,imprinted_2022
BD55-593,WT convalescents,imprinted_2022
BD55-598,WT convalescents,imprinted_2022
BD55-599,WT convalescents,imprinted_2022
BD55-600,WT convalescents,imprinted_2022
BD55-603,WT convalescents,imprinted_2022
BD55-606,WT convalescents,imprinted_2022
BD55-616,WT convalescents,imprinted_2022
BD55-632,WT convalescents,imprinted_2022
BD55-659,WT convalescents,imprinted_2022
BD55-676,WT convalescents,imprinted_2022
BD55-682,WT convalescents,imprinted_2022
BD55-683,WT convalescents,imprinted_2022
BD55-688,WT convalescents,imprinted_2022
BD55-696,WT convalescents,imprinted_2022
BD55-711,WT convalescents,imprinted_2022
BD55-725,WT convalescents,imprinted_2022
BD55-742,WT convalescents,imprinted_2022
BD55-745,WT convalescents,imprinted_2022
BD55-746,WT convalescents,imprinted_2022
BD55-747,WT convalescents,imprinted_2022
BD55-749,WT convalescents,imprinted_2022
BD55-958,WT convalescents,imprinted_2022
BD55-965,WT convalescents,imprinted_2022
BD55-970,WT convalescents,imprinted_2022
BD55-972,WT convalescents,imprinted_2022
BD55-977,WT convalescents,imprinted_2022
BD55-979,WT convalescents,imprinted_2022
BD55-988,WT convalescents,imprinted_2022
BD55-998,WT convalescents,imprinted_2022
WIBP-2B11,WT convalescents,imprinted_2022
BD-732,WT vaccinees,imprinted_2022
BD-739,WT vaccinees,imprinted_2022
BD-743,WT vaccinees,imprinted_2022
BD-744,WT vaccinees,imprinted_2022
BD-748,WT vaccinees,imprinted_2022
BD-751,WT vaccinees,imprinted_2022
BD-758,WT vaccinees,imprinted_2022
BD-643,WT vaccinees,imprinted_2022
BD-767,WT vaccinees,imprinted_2022
BD-771,WT vaccinees,imprinted_2022
BD-778,WT vaccinees,imprinted_2022
BD-790,WT vaccinees,imprinted_2022
BD-791,WT vaccinees,imprinted_2022
BD-796,WT vaccinees,imprinted_2022
BD-801,WT vaccinees,imprinted_2022
BD-804,WT vaccinees,imprinted_2022
BD-805,WT vaccinees,imprinted_2022
BD-915,WT vaccinees,imprinted_2022
BD-916,WT vaccinees,imprinted_2022
BD-917,WT vaccinees,imprinted_2022
BD-918,WT vaccinees,imprinted_2022
BD-922,WT vaccinees,imprinted_2022
BD55-300,WT vaccinees,imprinted_2022
BD55-311,WT vaccinees,imprinted_2022
BD55-316,WT vaccinees,imprinted_2022
BD55-319,WT vaccinees,imprinted_2022
BD-667,WT vaccinees,imprinted_2022
BD55-387,WT vaccinees,imprinted_2022
BD55-389,WT vaccinees,imprinted_2022
BD-670,WT vaccinees,imprinted_2022
BD-692,WT vaccinees,imprinted_2022
BD-693,WT vaccinees,imprinted_2022
BD-694,WT vaccinees,imprinted_2022
BD-695,WT vaccinees,imprinted_2022
BD-702,WT vaccinees,imprinted_2022
BD-708,WT vaccinees,imprinted_2022
BD55-81,WT vaccinees,imprinted_2022
BD55-814,WT vaccinees,imprinted_2022
BD55-818,WT vaccinees,imprinted_2022
BD55-822,WT vaccinees,imprinted_2022
BD55-824,WT vaccinees,imprinted_2022
BD55-828,WT vaccinees,imprinted_2022
BD55-829,WT vaccinees,imprinted_2022
BD-713,WT vaccinees,imprinted_2022
BD55-833,WT vaccinees,imprinted_2022
BD55-837,WT vaccinees,imprinted_2022
BD55-839,WT vaccinees,imprinted_2022
BD55-842,WT vaccinees,imprinted_2022
BD55-846,WT vaccinees,imprinted_2022
BD55-847,WT vaccinees,imprinted_2022
BD-715,WT vaccinees,imprinted_2022
BD55-852,WT vaccinees,imprinted_2022
BD55-853,WT vaccinees,imprinted_2022
BD55-854,WT vaccinees,imprinted_2022
BD55-856,WT vaccinees,imprinted_2022
BD55-859,WT vaccinees,imprinted_2022
BD55-862,WT vaccinees,imprinted_2022
BD55-863,WT vaccinees,imprinted_2022
BD55-864,WT vaccinees,imprinted_2022
BD55-867,WT vaccinees,imprinted_2022
BD55-868,WT vaccinees,imprinted_2022
BD55-870,WT vaccinees,imprinted_2022
BD55-871,WT vaccinees,imprinted_2022
BD55-873,WT vaccinees,imprinted_2022
BD55-874,WT vaccinees,imprinted_2022
BD55-875,WT vaccinees,imprinted_2022
BD55-876,WT vaccinees,imprinted_2022
BD55-878,WT vaccinees,imprinted_2022
BD55-879,WT vaccinees,imprinted_2022
BD55-880,WT vaccinees,imprinted_2022
BD55-887,WT vaccinees,imprinted_2022
BD55-888,WT vaccinees,imprinted_2022
BD55-892,WT vaccinees,imprinted_2022
BD55-893,WT vaccinees,imprinted_2022
BD55-898,WT vaccinees,imprinted_2022
BD55-899,WT vaccinees,imprinted_2022
BD55-902,WT vaccinees,imprinted_2022
BD55-903,WT vaccinees,imprinted_2022
BD55-905,WT vaccinees,imprinted_2022
BD55-906,WT vaccinees,imprinted_2022
BD55-910,WT vaccinees,imprinted_2022
BD55-911,WT vaccinees,imprinted_2022
BD55-913,WT vaccinees,imprinted_2022
BD55-914,WT vaccinees,imprinted_2022
BD55-917,WT vaccinees,imprinted_2022
BD55-918,WT vaccinees,imprinted_2022
BD55-920,WT vaccinees,imprinted_2022
BD55-925,WT vaccinees,imprinted_2022
BD55-929,WT vaccinees,imprinted_2022
BD55-93,WT vaccinees,imprinted_2022
BD55-930,WT vaccinees,imprinted_2022
BD55-931,WT vaccinees,imprinted_2022
BD55-934,WT vaccinees,imprinted_2022
BD55-935,WT vaccinees,imprinted_2022
BD55-936,WT vaccinees,imprinted_2022
BD55-939,WT vaccinees,imprinted_2022
BD55-942,WT vaccinees,imprinted_2022
BD55-944,WT vaccinees,imprinted_2022
BD55-947,WT vaccinees,imprinted_2022
BD55-948,WT vaccinees,imprinted_2022
BD-725,WT vaccinees,imprinted_2022
BD55-97,WT vaccinees,imprinted_2022
XG2v-004,WT vaccinees,imprinted_2022
XG2v-006,WT vaccinees,imprinted_2022
XG2v-032,WT vaccinees,imprinted_2022
XG2v-033,WT vaccinees,imprinted_2022
XG2v-039,WT vaccinees,imprinted_2022
XG2v-045,WT vaccinees,imprinted_2022
XG2v-052,WT vaccinees,imprinted_2022
XG2v-070,WT vaccinees,imprinted_2022
XG2v-083,WT vaccinees,imprinted_2022
XG2v-095,WT vaccinees,imprinted_2022
XG2v-098,WT vaccinees,imprinted_2022
XG2v-126,WT vaccinees,imprinted_2022
XGv-003,WT vaccinees,imprinted_2022
XGv-008,WT vaccinees,imprinted_2022
XGv-010,WT vaccinees,imprinted_2022
XGv-011,WT vaccinees,imprinted_2022
XGv-014,WT vaccinees,imprinted_2022
XGv-016,WT vaccinees,imprinted_2022
XGv-018,WT vaccinees,imprinted_2022
XGv-023,WT vaccinees,imprinted_2022
XGv-024,WT vaccinees,imprinted_2022
XGv-032,WT vaccinees,imprinted_2022
XGv-038,WT vaccinees,imprinted_2022
XGv-039,WT vaccinees,imprinted_2022
XGv-040,WT vaccinees,imprinted_2022
XGv-047,WT vaccinees,imprinted_2022
XGv-049,WT vaccinees,imprinted_2022
XGv-050,WT vaccinees,imprinted_2022
XGv-056,WT vaccinees,imprinted_2022
XGv-057,WT vaccinees,imprinted_2022
XGv-072,WT vaccinees,imprinted_2022
XGv-073,WT vaccinees,imprinted_2022
XGv-080,WT vaccinees,imprinted_2022
XGv-094,WT vaccinees,imprinted_2022
XGv-097,WT vaccinees,imprinted_2022
XGv-107,WT vaccinees,imprinted_2022
XGv-116,WT vaccinees,imprinted_2022
XGv-152,WT vaccinees,imprinted_2022
XGv-155,WT vaccinees,imprinted_2022
XGv-172,WT vaccinees,imprinted_2022
XGv-174,WT vaccinees,imprinted_2022
XGv-175,WT vaccinees,imprinted_2022
XGv-179,WT vaccinees,imprinted_2022
XGv-19,WT vaccinees,imprinted_2022
XGv-191,WT vaccinees,imprinted_2022
XGv-198,WT vaccinees,imprinted_2022
XGv-199,WT vaccinees,imprinted_2022
XGv-20,WT vaccinees,imprinted_2022
XGv-208,WT vaccinees,imprinted_2022
XGv-212,WT vaccinees,imprinted_2022
XGv-214,WT vaccinees,imprinted_2022
XGv-225,WT vaccinees,imprinted_2022
XGv-227,WT vaccinees,imprinted_2022
XGv-232,WT vaccinees,imprinted_2022
XGv-233,WT vaccinees,imprinted_2022
XGv-236,WT vaccinees,imprinted_2022
XGv-250,WT vaccinees,imprinted_2022
XGv-251,WT vaccinees,imprinted_2022
XGv-252,WT vaccinees,imprinted_2022
XGv-253,WT vaccinees,imprinted_2022
XGv-261,WT vaccinees,imprinted_2022
XGv-263,WT vaccinees,imprinted_2022
XGv-264,WT vaccinees,imprinted_2022
XGv-265,WT vaccinees,imprinted_2022
XGv-266,WT vaccinees,imprinted_2022
XGv-279,WT vaccinees,imprinted_2022
XGv-282,WT vaccinees,imprinted_2022
XGv-284,WT vaccinees,imprinted_2022
XGv-285,WT vaccinees,imprinted_2022
XGv-286,WT vaccinees,imprinted_2022
XGv-287,WT vaccinees,imprinted_2022
XGv-288,WT vaccinees,imprinted_2022
XGv-289,WT vaccinees,imprinted_2022
XGv-290,WT vaccinees,imprinted_2022
XGv-291,WT vaccinees,imprinted_2022
XGv-292,WT vaccinees,imprinted_2022
XGv-293,WT vaccinees,imprinted_2022
XGv-294,WT vaccinees,imprinted_2022
XGv-295,WT vaccinees,imprinted_2022
XGv-296,WT vaccinees,imprinted_2022
XGv-297,WT vaccinees,imprinted_2022
XGv-298,WT vaccinees,imprinted_2022
XGv-300,WT vaccinees,imprinted_2022
XGv-305,WT vaccinees,imprinted_2022
XGv-306,WT vaccinees,imprinted_2022
XGv-311,WT vaccinees,imprinted_2022
XGv-318,WT vaccinees,imprinted_2022
XGv-324,WT vaccinees,imprinted_2022
XGv-337,WT vaccinees,imprinted_2022
XGv-343,WT vaccinees,imprinted_2022
XGv-345,WT vaccinees,imprinted_2022
XGv-346,WT vaccinees,imprinted_2022
XGv-347,WT vaccinees,imprinted_2022
XGv-360,WT vaccinees,imprinted_2022
XGv-401,WT vaccinees,imprinted_2022
XGv-402,WT vaccinees,imprinted_2022
XGv-404,WT vaccinees,imprinted_2022
XGv-409,WT vaccinees,imprinted_2022
XGv-412,WT vaccinees,imprinted_2022
XGv-418,WT vaccinees,imprinted_2022
XGv-420,WT vaccinees,imprinted_2022
XGv-421,WT vaccinees,imprinted_2022
XGv-422,WT vaccinees,imprinted_2022
BD57-001,BA.1 convalescents,imprinted_2022
BD57-002,BA.1 convalescents,imprinted_2022
BD57-003,BA.1 convalescents,imprinted_2022
BD57-005,BA.1 convalescents,imprinted_2022
BD57-006,BA.1 convalescents,imprinted_2022
BD57-012,BA.1 convalescents,imprinted_2022
BD57-013,BA.1 convalescents,imprinted_2022
BD57-014,BA.1 convalescents,imprinted_2022
BD57-015,BA.1 convalescents,imprinted_2022
BD57-017,BA.1 convalescents,imprinted_2022
BD57-018,BA.1 convalescents,imprinted_2022
BD57-020,BA.1 convalescents,imprinted_2022
BD57-022,BA.1 convalescents,imprinted_2022
BD57-023,BA.1 convalescents,imprinted_2022
BD57-024,BA.1 convalescents,imprinted_2022
BD57-025,BA.1 convalescents,imprinted_2022
BD57-026,BA.1 convalescents,imprinted_2022
BD57-027,BA.1 convalescents,imprinted_2022
BD57-028,BA.1 convalescents,imprinted_2022
BD57-029,BA.1 convalescents,imprinted_2022
BD57-030,BA.1 convalescents,imprinted_2022
BD57-031,BA.1 convalescents,imprinted_2022
BD57-034,BA.1 convalescents,imprinted_2022
BD57-037,BA.1 convalescents,imprinted_2022
BD57-038,BA.1 convalescents,imprinted_2022
BD57-039,BA.1 convalescents,imprinted_2022
BD57-041,BA.1 convalescents,imprinted_2022
BD57-042,BA.1 convalescents,imprinted_2022
BD57-043,BA.1 convalescents,imprinted_2022
BD57-045,BA.1 convalescents,imprinted_2022
BD57-046,BA.1 convalescents,imprinted_2022
BD57-047,BA.1 convalescents,imprinted_2022
BD57-049,BA.1 convalescents,imprinted_2022
BD57-051,BA.1 convalescents,imprinted_2022
BD57-052,BA.1 convalescents,imprinted_2022
BD57-053,BA.1 convalescents,imprinted_2022
BD57-054,BA.1 convalescents,imprinted_2022
BD57-056,BA.1 convalescents,imprinted_2022
BD57-057,BA.1 convalescents,imprinted_2022
BD57-058,BA.1 convalescents,imprinted_2022
BD57-059,BA.1 convalescents,imprinted_2022
BD57-060,BA.1 convalescents,imprinted_2022
BD57-061,BA.1 convalescents,imprinted_2022
BD57-062,BA.1 convalescents,imprinted_2022
BD57-063,BA.1 convalescents,imprinted_2022
BD57-064,BA.1 convalescents,imprinted_2022
BD57-065,BA.1 convalescents,imprinted_2022
BD57-066,BA.1 convalescents,imprinted_2022
BD57-067,BA.1 convalescents,imprinted_2022
BD57-068,BA.1 convalescents,imprinted_2022
BD57-069,BA.1 convalescents,imprinted_2022
BD57-071,BA.1 convalescents,imprinted_2022
BD57-072,BA.1 convalescents,imprinted_2022
BD57-073,BA.1 convalescents,imprinted_2022
BD57-074,BA.1 convalescents,imprinted_2022
BD57-075,BA.1 convalescents,imprinted_2022
BD57-076,BA.1 convalescents,imprinted_2022
BD57-077,BA.1 convalescents,imprinted_2022
BD57-078,BA.1 convalescents,imprinted_2022
BD57-079,BA.1 convalescents,imprinted_2022
BD57-082,BA.1 convalescents,imprinted_2022
BD57-083,BA.1 convalescents,imprinted_2022
BD57-085,BA.1 convalescents,imprinted_2022
BD57-088,BA.1 convalescents,imprinted_2022
BD57-089,BA.1 convalescents,imprinted_2022
BD57-090,BA.1 convalescents,imprinted_2022
BD57-091,BA.1 convalescents,imprinted_2022
BD57-092,BA.1 convalescents,imprinted_2022
BD57-093,BA.1 convalescents,imprinted_2022
BD57-097,BA.1 convalescents,imprinted_2022
BD57-098,BA.1 convalescents,imprinted_2022
BD57-099,BA.1 convalescents,imprinted_2022
BD57-100,BA.1 convalescents,imprinted_2022
BD56-003,BA.1 convalescents,imprinted_2022
BD56-005,BA.1 convalescents,imprinted_2022
BD56-007,BA.1 convalescents,imprinted_2022
BD56-008,BA.1 convalescents,imprinted_2022
BD56-010,BA.1 convalescents,imprinted_2022
BD56-012,BA.1 convalescents,imprinted_2022
BD56-016,BA.1 convalescents,imprinted_2022
BD56-019,BA.1 convalescents,imprinted_2022
BD56-021,BA.1 convalescents,imprinted_2022
BD56-022,BA.1 convalescents,imprinted_2022
BD56-027,BA.1 convalescents,imprinted_2022
BD56-028,BA.1 convalescents,imprinted_2022
BD56-031,BA.1 convalescents,imprinted_2022
BD56-033,BA.1 convalescents,imprinted_2022
BD56-037,BA.1 convalescents,imprinted_2022
BD56-040,BA.1 convalescents,imprinted_2022
BD56-042,BA.1 convalescents,imprinted_2022
BD56-048,BA.1 convalescents,imprinted_2022
BD56-049,BA.1 convalescents,imprinted_2022
BD56-052,BA.1 convalescents,imprinted_2022
BD56-054,BA.1 convalescents,imprinted_2022
BD56-055,BA.1 convalescents,imprinted_2022
BD56-056,BA.1 convalescents,imprinted_2022
BD56-057,BA.1 convalescents,imprinted_2022
BD56-059,BA.1 convalescents,imprinted_2022
BD56-063,BA.1 convalescents,imprinted_2022
BD56-066,BA.1 convalescents,imprinted_2022
BD56-068,BA.1 convalescents,imprinted_2022
BD56-069,BA.1 convalescents,imprinted_2022
BD56-070,BA.1 convalescents,imprinted_2022
BD56-071,BA.1 convalescents,imprinted_2022
BD56-073,BA.1 convalescents,imprinted_2022
BD56-075,BA.1 convalescents,imprinted_2022
BD56-076,BA.1 convalescents,imprinted_2022
BD56-077,BA.1 convalescents,imprinted_2022
BD56-081,BA.1 convalescents,imprinted_2022
BD56-082,BA.1 convalescents,imprinted_2022
BD56-086,BA.1 convalescents,imprinted_2022
BD56-087,BA.1 convalescents,imprinted_2022
BD56-088,BA.1 convalescents,imprinted_2022
BD56-090,BA.1 convalescents,imprinted_2022
BD56-091,BA.1 convalescents,imprinted_2022
BD56-097,BA.1 convalescents,imprinted_2022
BD56-098,BA.1 convalescents,imprinted_2022
BD56-100,BA.1 convalescents,imprinted_2022
BD56-101,BA.1 convalescents,imprinted_2022
BD56-103,BA.1 convalescents,imprinted_2022
BD56-105,BA.1 convalescents,imprinted_2022
BD56-107,BA.1 convalescents,imprinted_2022
BD56-109,BA.1 convalescents,imprinted_2022
BD56-110,BA.1 convalescents,imprinted_2022
BD56-111,BA.1 convalescents,imprinted_2022
BD56-112,BA.1 convalescents,imprinted_2022
BD56-114,BA.1 convalescents,imprinted_2022
BD56-116,BA.1 convalescents,imprinted_2022
BD56-117,BA.1 convalescents,imprinted_2022
BD56-119,BA.1 convalescents,imprinted_2022
BD56-120,BA.1 convalescents,imprinted_2022
BD56-121,BA.1 convalescents,imprinted_2022
BD56-122,BA.1 convalescents,imprinted_2022
BD56-123,BA.1 convalescents,imprinted_2022
BD56-124,BA.1 convalescents,imprinted_2022
BD56-125,BA.1 convalescents,imprinted_2022
BD56-126,BA.1 convalescents,imprinted_2022
BD56-127,BA.1 convalescents,imprinted_2022
BD56-130,BA.1 convalescents,imprinted_2022
BD56-131,BA.1 convalescents,imprinted_2022
BD56-132,BA.1 convalescents,imprinted_2022
BD56-133,BA.1 convalescents,imprinted_2022
BD56-134,BA.1 convalescents,imprinted_2022
BD56-138,BA.1 convalescents,imprinted_2022
BD56-139,BA.1 convalescents,imprinted_2022
BD56-140,BA.1 convalescents,imprinted_2022
BD56-141,BA.1 convalescents,imprinted_2022
BD56-142,BA.1 convalescents,imprinted_2022
BD56-143,BA.1 convalescents,imprinted_2022
BD56-144,BA.1 convalescents,imprinted_2022
BD56-145,BA.1 convalescents,imprinted_2022
BD56-147,BA.1 convalescents,imprinted_2022
BD56-148,BA.1 convalescents,imprinted_2022
BD56-152,BA.1 convalescents,imprinted_2022
BD56-153,BA.1 convalescents,imprinted_2022
BD56-154,BA.1 convalescents,imprinted_2022
BD56-155,BA.1 convalescents,imprinted_2022
BD56-156,BA.1 convalescents,imprinted_2022
BD56-157,BA.1 convalescents,imprinted_2022
BD56-158,BA.1 convalescents,imprinted_2022
BD56-159,BA.1 convalescents,imprinted_2022
BD56-161,BA.1 convalescents,imprinted_2022
BD56-164,BA.1 convalescents,imprinted_2022
BD56-165,BA.1 convalescents,imprinted_2022
BD56-166,BA.1 convalescents,imprinted_2022
BD56-167,BA.1 convalescents,imprinted_2022
BD56-169,BA.1 convalescents,imprinted_2022
BD56-170,BA.1 convalescents,imprinted_2022
BD56-171,BA.1 convalescents,imprinted_2022
BD56-172,BA.1 convalescents,imprinted_2022
BD56-173,BA.1 convalescents,imprinted_2022
BD56-174,BA.1 convalescents,imprinted_2022
BD56-177,BA.1 convalescents,imprinted_2022
BD56-179,BA.1 convalescents,imprinted_2022
BD56-181,BA.1 convalescents,imprinted_2022
BD56-184,BA.1 convalescents,imprinted_2022
BD56-187,BA.1 convalescents,imprinted_2022
BD56-188,BA.1 convalescents,imprinted_2022
BD56-189,BA.1 convalescents,imprinted_2022
BD56-190,BA.1 convalescents,imprinted_2022
BD56-193,BA.1 convalescents,imprinted_2022
BD56-194,BA.1 convalescents,imprinted_2022
BD56-195,BA.1 convalescents,imprinted_2022
BD56-197,BA.1 convalescents,imprinted_2022
BD56-199,BA.1 convalescents,imprinted_2022
BD56-204,BA.1 convalescents,imprinted_2022
BD56-208,BA.1 convalescents,imprinted_2022
BD56-210,BA.1 convalescents,imprinted_2022
BD56-213,BA.1 convalescents,imprinted_2022
BD56-215,BA.1 convalescents,imprinted_2022
BD56-216,BA.1 convalescents,imprinted_2022
BD56-217,BA.1 convalescents,imprinted_2022
BD56-218,BA.1 convalescents,imprinted_2022
BD56-219,BA.1 convalescents,imprinted_2022
BD56-220,BA.1 convalescents,imprinted_2022
BD56-223,BA.1 convalescents,imprinted_2022
BD56-224,BA.1 convalescents,imprinted_2022
BD56-232,BA.1 convalescents,imprinted_2022
BD56-233,BA.1 convalescents,imprinted_2022
BD56-260,BA.1 convalescents,imprinted_2022
BD56-263,BA.1 convalescents,imprinted_2022
BD56-264,BA.1 convalescents,imprinted_2022
BD56-265,BA.1 convalescents,imprinted_2022
BD56-300,BA.1 convalescents,imprinted_2022
BD56-322,BA.1 convalescents,imprinted_2022
BD56-327,BA.1 convalescents,imprinted_2022
BD56-330,BA.1 convalescents,imprinted_2022
BD56-331,BA.1 convalescents,imprinted_2022
BD56-332,BA.1 convalescents,imprinted_2022
BD56-333,BA.1 convalescents,imprinted_2022
BD56-395,BA.1 convalescents,imprinted_2022
BD56-400,BA.1 convalescents,imprinted_2022
BD56-412,BA.1 convalescents,imprinted_2022
BD56-416,BA.1 convalescents,imprinted_2022
BD56-418,BA.1 convalescents,imprinted_2022
BD56-419,BA.1 convalescents,imprinted_2022
BD56-420,BA.1 convalescents,imprinted_2022
BD56-423,BA.1 convalescents,imprinted_2022
BD56-424,BA.1 convalescents,imprinted_2022
BD56-426,BA.1 convalescents,imprinted_2022
BD56-427,BA.1 convalescents,imprinted_2022
BD56-428,BA.1 convalescents,imprinted_2022
BD56-430,BA.1 convalescents,imprinted_2022
BD56-431,BA.1 convalescents,imprinted_2022
BD56-433,BA.1 convalescents,imprinted_2022
BD56-436,BA.1 convalescents,imprinted_2022
BD56-437,BA.1 convalescents,imprinted_2022
BD56-438,BA.1 convalescents,imprinted_2022
BD56-442,BA.1 convalescents,imprinted_2022
BD56-444,BA.1 convalescents,imprinted_2022
BD56-447,BA.1 convalescents,imprinted_2022
BD56-451,BA.1 convalescents,imprinted_2022
BD56-454,BA.1 convalescents,imprinted_2022
BD56-456,BA.1 convalescents,imprinted_2022
BD56-457,BA.1 convalescents,imprinted_2022
BD56-458,BA.1 convalescents,imprinted_2022
BD56-461,BA.1 convalescents,imprinted_2022
BD56-464,BA.1 convalescents,imprinted_2022
BD56-467,BA.1 convalescents,imprinted_2022
BD56-468,BA.1 convalescents,imprinted_2022
BD56-469,BA.1 convalescents,imprinted_2022
BD56-470,BA.1 convalescents,imprinted_2022
BD56-471,BA.1 convalescents,imprinted_2022
BD56-472,BA.1 convalescents,imprinted_2022
BD56-474,BA.1 convalescents,imprinted_2022
BD56-475,BA.1 convalescents,imprinted_2022
BD56-476,BA.1 convalescents,imprinted_2022
BD56-477,BA.1 convalescents,imprinted_2022
BD56-479,BA.1 convalescents,imprinted_2022
BD56-480,BA.1 convalescents,imprinted_2022
BD56-481,BA.1 convalescents,imprinted_2022
BD56-482,BA.1 convalescents,imprinted_2022
BD56-483,BA.1 convalescents,imprinted_2022
BD56-484,BA.1 convalescents,imprinted_2022
BD56-487,BA.1 convalescents,imprinted_2022
BD56-488,BA.1 convalescents,imprinted_2022
BD56-489,BA.1 convalescents,imprinted_2022
BD56-490,BA.1 convalescents,imprinted_2022
BD56-491,BA.1 convalescents,imprinted_2022
BD56-494,BA.1 convalescents,imprinted_2022
BD56-495,BA.1 convalescents,imprinted_2022
BD56-499,BA.1 convalescents,imprinted_2022
BD56-500,BA.1 convalescents,imprinted_2022
BD56-501,BA.1 convalescents,imprinted_2022
BD56-504,BA.1 convalescents,imprinted_2022
BD56-505,BA.1 convalescents,imprinted_2022
BD56-506,BA.1 convalescents,imprinted_2022
BD56-507,BA.1 convalescents,imprinted_2022
BD56-510,BA.1 convalescents,imprinted_2022
BD56-515,BA.1 convalescents,imprinted_2022
BD56-516,BA.1 convalescents,imprinted_2022
BD56-518,BA.1 convalescents,imprinted_2022
BD56-519,BA.1 convalescents,imprinted_2022
BD56-520,BA.1 convalescents,imprinted_2022
BD56-522,BA.1 convalescents,imprinted_2022
BD56-523,BA.1 convalescents,imprinted_2022
BD56-524,BA.1 convalescents,imprinted_2022
BD56-525,BA.1 convalescents,imprinted_2022
BD56-526,BA.1 convalescents,imprinted_2022
BD56-529,BA.1 convalescents,imprinted_2022
BD56-530,BA.1 convalescents,imprinted_2022
BD56-531,BA.1 convalescents,imprinted_2022
BD56-532,BA.1 convalescents,imprinted_2022
BD56-533,BA.1 convalescents,imprinted_2022
BD56-534,BA.1 convalescents,imprinted_2022
BD56-535,BA.1 convalescents,imprinted_2022
BD56-537,BA.1 convalescents,imprinted_2022
BD56-538,BA.1 convalescents,imprinted_2022
BD56-541,BA.1 convalescents,imprinted_2022
BD56-543,BA.1 convalescents,imprinted_2022
BD56-545,BA.1 convalescents,imprinted_2022
BD56-547,BA.1 convalescents,imprinted_2022
BD56-548,BA.1 convalescents,imprinted_2022
BD56-549,BA.1 convalescents,imprinted_2022
BD56-552,BA.1 convalescents,imprinted_2022
BD56-553,BA.1 convalescents,imprinted_2022
BD56-554,BA.1 convalescents,imprinted_2022
BD56-555,BA.1 convalescents,imprinted_2022
BD56-557,BA.1 convalescents,imprinted_2022
BD56-559,BA.1 convalescents,imprinted_2022
BD56-560,BA.1 convalescents,imprinted_2022
BD56-561,BA.1 convalescents,imprinted_2022
BD56-563,BA.1 convalescents,imprinted_2022
BD56-564,BA.1 convalescents,imprinted_2022
BD56-565,BA.1 convalescents,imprinted_2022
BD56-566,BA.1 convalescents,imprinted_2022
BD56-568,BA.1 convalescents,imprinted_2022
BD56-569,BA.1 convalescents,imprinted_2022
BD56-571,BA.1 convalescents,imprinted_2022
BD56-572,BA.1 convalescents,imprinted_2022
BD56-573,BA.1 convalescents,imprinted_2022
BD56-574,BA.1 convalescents,imprinted_2022
BD56-576,BA.1 convalescents,imprinted_2022
BD56-577,BA.1 convalescents,imprinted_2022
BD56-579,BA.1 convalescents,imprinted_2022
BD56-580,BA.1 convalescents,imprinted_2022
BD56-581,BA.1 convalescents,imprinted_2022
BD56-583,BA.1 convalescents,imprinted_2022
BD56-585,BA.1 convalescents,imprinted_2022
BD56-586,BA.1 convalescents,imprinted_2022
BD56-587,BA.1 convalescents,imprinted_2022
BD56-588,BA.1 convalescents,imprinted_2022
BD56-589,BA.1 convalescents,imprinted_2022
BD56-590,BA.1 convalescents,imprinted_2022
BD56-591,BA.1 convalescents,imprinted_2022
BD56-592,BA.1 convalescents,imprinted_2022
BD56-593,BA.1 convalescents,imprinted_2022
BD56-594,BA.1 convalescents,imprinted_2022
BD56-595,BA.1 convalescents,imprinted_2022
BD56-598,BA.1 convalescents,imprinted_2022
BD56-599,BA.1 convalescents,imprinted_2022
BD56-600,BA.1 convalescents,imprinted_2022
BD56-602,BA.1 convalescents,imprinted_2022
BD56-603,BA.1 convalescents,imprinted_2022
BD56-604,BA.1 convalescents,imprinted_2022
BD56-605,BA.1 convalescents,imprinted_2022
BD56-606,BA.1 convalescents,imprinted_2022
BD56-607,BA.1 convalescents,imprinted_2022
BD56-608,BA.1 convalescents,imprinted_2022
BD56-609,BA.1 convalescents,imprinted_2022
BD56-612,BA.1 convalescents,imprinted_2022
BD56-614,BA.1 convalescents,imprinted_2022
BD56-616,BA.1 convalescents,imprinted_2022
BD56-618,BA.1 convalescents,imprinted_2022
BD56-619,BA.1 convalescents,imprinted_2022
BD56-620,BA.1 convalescents,imprinted_2022
BD56-623,BA.1 convalescents,imprinted_2022
BD56-626,BA.1 convalescents,imprinted_2022
BD56-627,BA.1 convalescents,imprinted_2022
BD56-628,BA.1 convalescents,imprinted_2022
BD56-629,BA.1 convalescents,imprinted_2022
BD56-631,BA.1 convalescents,imprinted_2022
BD56-632,BA.1 convalescents,imprinted_2022
BD56-637,BA.1 convalescents,imprinted_2022
BD56-638,BA.1 convalescents,imprinted_2022
BD56-639,BA.1 convalescents,imprinted_2022
BD56-640,BA.1 convalescents,imprinted_2022
BD56-642,BA.1 convalescents,imprinted_2022
BD56-643,BA.1 convalescents,imprinted_2022
BD56-644,BA.1 convalescents,imprinted_2022
BD56-646,BA.1 convalescents,imprinted_2022
BD56-647,BA.1 convalescents,imprinted_2022
BD56-649,BA.1 convalescents,imprinted_2022
BD56-651,BA.1 convalescents,imprinted_2022
BD56-652,BA.1 convalescents,imprinted_2022
BD56-653,BA.1 convalescents,imprinted_2022
BD56-654,BA.1 convalescents,imprinted_2022
BD56-656,BA.1 convalescents,imprinted_2022
BD56-657,BA.1 convalescents,imprinted_2022
BD56-658,BA.1 convalescents,imprinted_2022
BD56-660,BA.1 convalescents,imprinted_2022
BD56-661,BA.1 convalescents,imprinted_2022
BD56-663,BA.1 convalescents,imprinted_2022
BD56-664,BA.1 convalescents,imprinted_2022
BD56-666,BA.1 convalescents,imprinted_2022
BD56-668,BA.1 convalescents,imprinted_2022
BD56-669,BA.1 convalescents,imprinted_2022
BD56-670,BA.1 convalescents,imprinted_2022
BD56-671,BA.1 convalescents,imprinted_2022
BD56-674,BA.1 convalescents,imprinted_2022
BD56-676,BA.1 convalescents,imprinted_2022
BD56-677,BA.1 convalescents,imprinted_2022
BD56-678,BA.1 convalescents,imprinted_2022
BD56-679,BA.1 convalescents,imprinted_2022
BD56-682,BA.1 convalescents,imprinted_2022
BD56-683,BA.1 convalescents,imprinted_2022
BD56-687,BA.1 convalescents,imprinted_2022
BD56-688,BA.1 convalescents,imprinted_2022
BD56-690,BA.1 convalescents,imprinted_2022
BD56-691,BA.1 convalescents,imprinted_2022
BD56-693,BA.1 convalescents,imprinted_2022
BD56-694,BA.1 convalescents,imprinted_2022
BD56-695,BA.1 convalescents,imprinted_2022
BD56-697,BA.1 convalescents,imprinted_2022
BD56-698,BA.1 convalescents,imprinted_2022
BD56-701,BA.1 convalescents,imprinted_2022
BD56-702,BA.1 convalescents,imprinted_2022
BD56-703,BA.1 convalescents,imprinted_2022
BD56-708,BA.1 convalescents,imprinted_2022
BD56-709,BA.1 convalescents,imprinted_2022
BD56-711,BA.1 convalescents,imprinted_2022
BD56-712,BA.1 convalescents,imprinted_2022
BD56-713,BA.1 convalescents,imprinted_2022
BD56-715,BA.1 convalescents,imprinted_2022
BD56-716,BA.1 convalescents,imprinted_2022
BD56-717,BA.1 convalescents,imprinted_2022
BD56-719,BA.1 convalescents,imprinted_2022
BD56-720,BA.1 convalescents,imprinted_2022
BD56-722,BA.1 convalescents,imprinted_2022
BD56-724,BA.1 convalescents,imprinted_2022
BD56-725,BA.1 convalescents,imprinted_2022
BD56-726,BA.1 convalescents,imprinted_2022
BD56-727,BA.1 convalescents,imprinted_2022
BD56-729,BA.1 convalescents,imprinted_2022
BD56-730,BA.1 convalescents,imprinted_2022
BD56-732,BA.1 convalescents,imprinted_2022
BD56-733,BA.1 convalescents,imprinted_2022
BD56-739,BA.1 convalescents,imprinted_2022
BD56-887,BA.1 convalescents,imprinted_2022
BD56-900,BA.1 convalescents,imprinted_2022
BD56-901,BA.1 convalescents,imprinted_2022
BD56-904,BA.1 convalescents,imprinted_2022
BD56-907,BA.1 convalescents,imprinted_2022
BD56-908,BA.1 convalescents,imprinted_2022
BD56-910,BA.1 convalescents,imprinted_2022
BD56-913,BA.1 convalescents,imprinted_2022
BD56-914,BA.1 convalescents,imprinted_2022
BD56-917,BA.1 convalescents,imprinted_2022
BD56-918,BA.1 convalescents,imprinted_2022
BD56-921,BA.1 convalescents,imprinted_2022
BD56-924,BA.1 convalescents,imprinted_2022
BD56-929,BA.1 convalescents,imprinted_2022
BD56-930,BA.1 convalescents,imprinted_2022
BD56-931,BA.1 convalescents,imprinted_2022
BD56-937,BA.1 convalescents,imprinted_2022
BD56-939,BA.1 convalescents,imprinted_2022
BD56-940,BA.1 convalescents,imprinted_2022
BD56-941,BA.1 convalescents,imprinted_2022
BD56-942,BA.1 convalescents,imprinted_2022
BD56-945,BA.1 convalescents,imprinted_2022
BD56-948,BA.1 convalescents,imprinted_2022
BD56-949,BA.1 convalescents,imprinted_2022
BD56-950,BA.1 convalescents,imprinted_2022
BD56-952,BA.1 convalescents,imprinted_2022
BD56-954,BA.1 convalescents,imprinted_2022
BD56-957,BA.1 convalescents,imprinted_2022
BD56-963,BA.1 convalescents,imprinted_2022
BD56-964,BA.1 convalescents,imprinted_2022
BD56-965,BA.1 convalescents,imprinted_2022
BD56-967,BA.1 convalescents,imprinted_2022
BD56-968,BA.1 convalescents,imprinted_2022
BD56-971,BA.1 convalescents,imprinted_2022
BD56-975,BA.1 convalescents,imprinted_2022
BD56-976,BA.1 convalescents,imprinted_2022
BD56-977,BA.1 convalescents,imprinted_2022
BD56-1038,BA.1 convalescents,imprinted_2022
BD56-1057,BA.1 convalescents,imprinted_2022
BD56-1061,BA.1 convalescents,imprinted_2022
BD56-1076,BA.1 convalescents,imprinted_2022
BD56-1091,BA.1 convalescents,imprinted_2022
BD56-1092,BA.1 convalescents,imprinted_2022
BD56-1097,BA.1 convalescents,imprinted_2022
BD58-0448,BA.2 convalescents,imprinted_2022
BD58-0571,BA.2 convalescents,imprinted_2022
BD58-0572,BA.2 convalescents,imprinted_2022
BD58-0573,BA.2 convalescents,imprinted_2022
BD58-0574,BA.2 convalescents,imprinted_2022
BD58-0575,BA.2 convalescents,imprinted_2022
BD58-0577,BA.2 convalescents,imprinted_2022
BD58-0578,BA.2 convalescents,imprinted_2022
BD58-0580,BA.2 convalescents,imprinted_2022
BD58-0586,BA.2 convalescents,imprinted_2022
BD58-0588,BA.2 convalescents,imprinted_2022
BD58-0589,BA.2 convalescents,imprinted_2022
BD56-1180,BA.2 convalescents,imprinted_2022
BD56-1181,BA.2 convalescents,imprinted_2022
BD56-1192,BA.2 convalescents,imprinted_2022
BD56-1198,BA.2 convalescents,imprinted_2022
BD56-1211,BA.2 convalescents,imprinted_2022
BD56-1220,BA.2 convalescents,imprinted_2022
BD56-1221,BA.2 convalescents,imprinted_2022
BD56-1223,BA.2 convalescents,imprinted_2022
BD56-1225,BA.2 convalescents,imprinted_2022
BD56-1228,BA.2 convalescents,imprinted_2022
BD56-1230,BA.2 convalescents,imprinted_2022
BD56-1231,BA.2 convalescents,imprinted_2022
BD56-1232,BA.2 convalescents,imprinted_2022
BD56-1233,BA.2 convalescents,imprinted_2022
BD56-1234,BA.2 convalescents,imprinted_2022
BD56-1235,BA.2 convalescents,imprinted_2022
BD56-1243,BA.2 convalescents,imprinted_2022
BD56-1246,BA.2 convalescents,imprinted_2022
BD56-1247,BA.2 convalescents,imprinted_2022
BD56-1249,BA.2 convalescents,imprinted_2022
BD56-1251,BA.2 convalescents,imprinted_2022
BD56-1252,BA.2 convalescents,imprinted_2022
BD56-1254,BA.2 convalescents,imprinted_2022
BD56-1255,BA.2 convalescents,imprinted_2022
BD56-1256,BA.2 convalescents,imprinted_2022
BD56-1257,BA.2 convalescents,imprinted_2022
BD56-1258,BA.2 convalescents,imprinted_2022
BD56-1259,BA.2 convalescents,imprinted_2022
BD56-1261,BA.2 convalescents,imprinted_2022
BD56-1262,BA.2 convalescents,imprinted_2022
BD56-1263,BA.2 convalescents,imprinted_2022
BD56-1265,BA.2 convalescents,imprinted_2022
BD56-1267,BA.2 convalescents,imprinted_2022
BD56-1268,BA.2 convalescents,imprinted_2022
BD56-1270,BA.2 convalescents,imprinted_2022
BD56-1271,BA.2 convalescents,imprinted_2022
BD56-1272,BA.2 convalescents,imprinted_2022
BD56-1273,BA.2 convalescents,imprinted_2022
BD56-1274,BA.2 convalescents,imprinted_2022
BD56-1276,BA.2 convalescents,imprinted_2022
BD56-1279,BA.2 convalescents,imprinted_2022
BD56-1280,BA.2 convalescents,imprinted_2022
BD56-1282,BA.2 convalescents,imprinted_2022
BD56-1283,BA.2 convalescents,imprinted_2022
BD56-1286,BA.2 convalescents,imprinted_2022
BD56-1287,BA.2 convalescents,imprinted_2022
BD56-1288,BA.2 convalescents,imprinted_2022
BD56-1289,BA.2 convalescents,imprinted_2022
BD56-1290,BA.2 convalescents,imprinted_2022
BD56-1292,BA.2 convalescents,imprinted_2022
BD56-1293,BA.2 convalescents,imprinted_2022
BD56-1294,BA.2 convalescents,imprinted_2022
BD56-1297,BA.2 convalescents,imprinted_2022
BD56-1298,BA.2 convalescents,imprinted_2022
BD56-1299,BA.2 convalescents,imprinted_2022
BD56-1300,BA.2 convalescents,imprinted_2022
BD56-1301,BA.2 convalescents,imprinted_2022
BD56-1302,BA.2 convalescents,imprinted_2022
BD56-1304,BA.2 convalescents,imprinted_2022
BD56-1305,BA.2 convalescents,imprinted_2022
BD56-1306,BA.2 convalescents,imprinted_2022
BD56-1307,BA.2 convalescents,imprinted_2022
BD56-1308,BA.2 convalescents,imprinted_2022
BD56-1309,BA.2 convalescents,imprinted_2022
BD56-1311,BA.2 convalescents,imprinted_2022
BD56-1312,BA.2 convalescents,imprinted_2022
BD56-1314,BA.2 convalescents,imprinted_2022
BD56-1315,BA.2 convalescents,imprinted_2022
BD56-1317,BA.2 convalescents,imprinted_2022
BD56-1318,BA.2 convalescents,imprinted_2022
BD56-1320,BA.2 convalescents,imprinted_2022
BD56-1321,BA.2 convalescents,imprinted_2022
BD56-1322,BA.2 convalescents,imprinted_2022
BD56-1323,BA.2 convalescents,imprinted_2022
BD56-1324,BA.2 convalescents,imprinted_2022
BD56-1325,BA.2 convalescents,imprinted_2022
BD56-1326,BA.2 convalescents,imprinted_2022
BD56-1327,BA.2 convalescents,imprinted_2022
BD56-1328,BA.2 convalescents,imprinted_2022
BD56-1329,BA.2 convalescents,imprinted_2022
BD56-1330,BA.2 convalescents,imprinted_2022
BD56-1331,BA.2 convalescents,imprinted_2022
BD56-1332,BA.2 convalescents,imprinted_2022
BD56-1333,BA.2 convalescents,imprinted_2022
BD56-1335,BA.2 convalescents,imprinted_2022
BD56-1336,BA.2 convalescents,imprinted_2022
BD56-1337,BA.2 convalescents,imprinted_2022
BD56-1338,BA.2 convalescents,imprinted_2022
BD56-1341,BA.2 convalescents,imprinted_2022
BD56-1342,BA.2 convalescents,imprinted_2022
BD56-1343,BA.2 convalescents,imprinted_2022
BD56-1344,BA.2 convalescents,imprinted_2022
BD56-1354,BA.2 convalescents,imprinted_2022
BD56-1382,BA.2 convalescents,imprinted_2022
BD56-1390,BA.2 convalescents,imprinted_2022
BD56-1391,BA.2 convalescents,imprinted_2022
BD56-1392,BA.2 convalescents,imprinted_2022
BD56-1397,BA.2 convalescents,imprinted_2022
BD56-1398,BA.2 convalescents,imprinted_2022
BD56-1399,BA.2 convalescents,imprinted_2022
BD56-1400,BA.2 convalescents,imprinted_2022
BD56-1401,BA.2 convalescents,imprinted_2022
BD56-1402,BA.2 convalescents,imprinted_2022
BD56-1403,BA.2 convalescents,imprinted_2022
BD56-1404,BA.2 convalescents,imprinted_2022
BD56-1405,BA.2 convalescents,imprinted_2022
BD56-1408,BA.2 convalescents,imprinted_2022
BD56-1409,BA.2 convalescents,imprinted_2022
BD56-1410,BA.2 convalescents,imprinted_2022
BD56-1413,BA.2 convalescents,imprinted_2022
BD56-1414,BA.2 convalescents,imprinted_2022
BD56-1416,BA.2 convalescents,imprinted_2022
BD56-1417,BA.2 convalescents,imprinted_2022
BD56-1419,BA.2 convalescents,imprinted_2022
BD56-1420,BA.2 convalescents,imprinted_2022
BD56-1423,BA.2 convalescents,imprinted_2022
BD56-1426,BA.2 convalescents,imprinted_2022
BD56-1427,BA.2 convalescents,imprinted_2022
BD56-1428,BA.2 convalescents,imprinted_2022
BD56-1429,BA.2 convalescents,imprinted_2022
BD56-1430,BA.2 convalescents,imprinted_2022
BD56-1431,BA.2 convalescents,imprinted_2022
BD56-1433,BA.2 convalescents,imprinted_2022
BD56-1435,BA.2 convalescents,imprinted_2022
BD56-1436,BA.2 convalescents,imprinted_2022
BD56-1437,BA.2 convalescents,imprinted_2022
BD56-1438,BA.2 convalescents,imprinted_2022
BD56-1439,BA.2 convalescents,imprinted_2022
BD56-1440,BA.2 convalescents,imprinted_2022
BD56-1441,BA.2 convalescents,imprinted_2022
BD56-1442,BA.2 convalescents,imprinted_2022
BD56-1443,BA.2 convalescents,imprinted_2022
BD56-1444,BA.2 convalescents,imprinted_2022
BD56-1445,BA.2 convalescents,imprinted_2022
BD56-1446,BA.2 convalescents,imprinted_2022
BD56-1447,BA.2 convalescents,imprinted_2022
BD56-1448,BA.2 convalescents,imprinted_2022
BD56-1450,BA.2 convalescents,imprinted_2022
BD56-1451,BA.2 convalescents,imprinted_2022
BD56-1452,BA.2 convalescents,imprinted_2022
BD56-1453,BA.2 convalescents,imprinted_2022
BD56-1455,BA.2 convalescents,imprinted_2022
BD56-1457,BA.2 convalescents,imprinted_2022
BD56-1458,BA.2 convalescents,imprinted_2022
BD56-1459,BA.2 convalescents,imprinted_2022
BD56-1460,BA.2 convalescents,imprinted_2022
BD56-1461,BA.2 convalescents,imprinted_2022
BD56-1462,BA.2 convalescents,imprinted_2022
BD56-1463,BA.2 convalescents,imprinted_2022
BD56-1464,BA.2 convalescents,imprinted_2022
BD56-1466,BA.2 convalescents,imprinted_2022
BD56-1467,BA.2 convalescents,imprinted_2022
BD56-1468,BA.2 convalescents,imprinted_2022
BD56-1469,BA.2 convalescents,imprinted_2022
BD56-1470,BA.2 convalescents,imprinted_2022
BD56-1471,BA.2 convalescents,imprinted_2022
BD56-1472,BA.2 convalescents,imprinted_2022
BD56-1477,BA.2 convalescents,imprinted_2022
BD56-1478,BA.2 convalescents,imprinted_2022
BD56-1479,BA.2 convalescents,imprinted_2022
BD56-1481,BA.2 convalescents,imprinted_2022
BD56-1485,BA.2 convalescents,imprinted_2022
BD56-1486,BA.2 convalescents,imprinted_2022
BD56-1489,BA.2 convalescents,imprinted_2022
BD56-1493,BA.2 convalescents,imprinted_2022
BD56-1515,BA.2 convalescents,imprinted_2022
BD56-1517,BA.2 convalescents,imprinted_2022
BD56-1518,BA.2 convalescents,imprinted_2022
BD56-1519,BA.2 convalescents,imprinted_2022
BD56-1520,BA.2 convalescents,imprinted_2022
BD56-1521,BA.2 convalescents,imprinted_2022
BD56-1526,BA.2 convalescents,imprinted_2022
BD56-1527,BA.2 convalescents,imprinted_2022
BD56-1529,BA.2 convalescents,imprinted_2022
BD56-1531,BA.2 convalescents,imprinted_2022
BD56-1532,BA.2 convalescents,imprinted_2022
BD56-1533,BA.2 convalescents,imprinted_2022
BD56-1535,BA.2 convalescents,imprinted_2022
BD56-1537,BA.2 convalescents,imprinted_2022
BD56-1538,BA.2 convalescents,imprinted_2022
BD56-1539,BA.2 convalescents,imprinted_2022
BD56-1541,BA.2 convalescents,imprinted_2022
BD56-1542,BA.2 convalescents,imprinted_2022
BD56-1544,BA.2 convalescents,imprinted_2022
BD56-1545,BA.2 convalescents,imprinted_2022
BD56-1546,BA.2 convalescents,imprinted_2022
BD56-1547,BA.2 convalescents,imprinted_2022
BD56-1548,BA.2 convalescents,imprinted_2022
BD56-1549,BA.2 convalescents,imprinted_2022
BD56-1551,BA.2 convalescents,imprinted_2022
BD56-1552,BA.2 convalescents,imprinted_2022
BD56-1554,BA.2 convalescents,imprinted_2022
BD56-1556,BA.2 convalescents,imprinted_2022
BD56-1557,BA.2 convalescents,imprinted_2022
BD56-1559,BA.2 convalescents,imprinted_2022
BD56-1560,BA.2 convalescents,imprinted_2022
BD56-1562,BA.2 convalescents,imprinted_2022
BD56-1565,BA.2 convalescents,imprinted_2022
BD56-1566,BA.2 convalescents,imprinted_2022
BD56-1567,BA.2 convalescents,imprinted_2022
BD56-1568,BA.2 convalescents,imprinted_2022
BD56-1570,BA.2 convalescents,imprinted_2022
BD56-1572,BA.2 convalescents,imprinted_2022
BD56-1573,BA.2 convalescents,imprinted_2022
BD56-1574,BA.2 convalescents,imprinted_2022
BD56-1576,BA.2 convalescents,imprinted_2022
BD56-1579,BA.2 convalescents,imprinted_2022
BD56-1581,BA.2 convalescents,imprinted_2022
BD56-1583,BA.2 convalescents,imprinted_2022
BD56-1585,BA.2 convalescents,imprinted_2022
BD56-1586,BA.2 convalescents,imprinted_2022
BD56-1587,BA.2 convalescents,imprinted_2022
BD56-1590,BA.2 convalescents,imprinted_2022
BD56-1593,BA.2 convalescents,imprinted_2022
BD56-1594,BA.2 convalescents,imprinted_2022
BD56-1598,BA.2 convalescents,imprinted_2022
BD56-1599,BA.2 convalescents,imprinted_2022
BD56-1600,BA.2 convalescents,imprinted_2022
BD56-1601,BA.2 convalescents,imprinted_2022
BD56-1603,BA.2 convalescents,imprinted_2022
BD56-1604,BA.2 convalescents,imprinted_2022
BD56-1605,BA.2 convalescents,imprinted_2022
BD56-1606,BA.2 convalescents,imprinted_2022
BD56-1607,BA.2 convalescents,imprinted_2022
BD56-1608,BA.2 convalescents,imprinted_2022
BD56-1609,BA.2 convalescents,imprinted_2022
BD56-1610,BA.2 convalescents,imprinted_2022
BD56-1611,BA.2 convalescents,imprinted_2022
BD56-1612,BA.2 convalescents,imprinted_2022
BD56-1613,BA.2 convalescents,imprinted_2022
BD56-1614,BA.2 convalescents,imprinted_2022
BD56-1615,BA.2 convalescents,imprinted_2022
BD56-1616,BA.2 convalescents,imprinted_2022
BD56-1618,BA.2 convalescents,imprinted_2022
BD56-1619,BA.2 convalescents,imprinted_2022
BD56-1620,BA.2 convalescents,imprinted_2022
BD56-1621,BA.2 convalescents,imprinted_2022
BD56-1623,BA.2 convalescents,imprinted_2022
BD56-1624,BA.2 convalescents,imprinted_2022
BD56-1629,BA.2 convalescents,imprinted_2022
BD56-1630,BA.2 convalescents,imprinted_2022
BD56-1631,BA.2 convalescents,imprinted_2022
BD56-1635,BA.2 convalescents,imprinted_2022
BD56-1637,BA.2 convalescents,imprinted_2022
BD56-1638,BA.2 convalescents,imprinted_2022
BD56-1639,BA.2 convalescents,imprinted_2022
BD56-1640,BA.2 convalescents,imprinted_2022
BD56-1642,BA.2 convalescents,imprinted_2022
BD56-1647,BA.2 convalescents,imprinted_2022
BD56-1648,BA.2 convalescents,imprinted_2022
BD56-1651,BA.2 convalescents,imprinted_2022
BD56-1652,BA.2 convalescents,imprinted_2022
BD56-1655,BA.2 convalescents,imprinted_2022
BD56-1656,BA.2 convalescents,imprinted_2022
BD56-1657,BA.2 convalescents,imprinted_2022
BD56-1658,BA.2 convalescents,imprinted_2022
BD56-1659,BA.2 convalescents,imprinted_2022
BD56-1660,BA.2 convalescents,imprinted_2022
BD56-1661,BA.2 convalescents,imprinted_2022
BD56-1664,BA.2 convalescents,imprinted_2022
BD56-1666,BA.2 convalescents,imprinted_2022
BD56-1667,BA.2 convalescents,imprinted_2022
BD56-1669,BA.2 convalescents,imprinted_2022
BD56-1671,BA.2 convalescents,imprinted_2022
BD56-1672,BA.2 convalescents,imprinted_2022
BD56-1673,BA.2 convalescents,imprinted_2022
BD56-1674,BA.2 convalescents,imprinted_2022
BD56-1679,BA.2 convalescents,imprinted_2022
BD56-1680,BA.2 convalescents,imprinted_2022
BD56-1681,BA.2 convalescents,imprinted_2022
BD56-1682,BA.2 convalescents,imprinted_2022
BD56-1684,BA.2 convalescents,imprinted_2022
BD56-1685,BA.2 convalescents,imprinted_2022
BD56-1686,BA.2 convalescents,imprinted_2022
BD56-1688,BA.2 convalescents,imprinted_2022
BD56-1689,BA.2 convalescents,imprinted_2022
BD56-1691,BA.2 convalescents,imprinted_2022
BD56-1692,BA.2 convalescents,imprinted_2022
BD56-1693,BA.2 convalescents,imprinted_2022
BD56-1696,BA.2 convalescents,imprinted_2022
BD56-1697,BA.2 convalescents,imprinted_2022
BD56-1699,BA.2 convalescents,imprinted_2022
BD56-1700,BA.2 convalescents,imprinted_2022
BD56-1701,BA.2 convalescents,imprinted_2022
BD56-1703,BA.2 convalescents,imprinted_2022
BD56-1705,BA.2 convalescents,imprinted_2022
BD56-1706,BA.2 convalescents,imprinted_2022
BD56-1709,BA.2 convalescents,imprinted_2022
BD56-1712,BA.2 convalescents,imprinted_2022
BD56-1713,BA.2 convalescents,imprinted_2022
BD56-1714,BA.2 convalescents,imprinted_2022
BD56-1715,BA.2 convalescents,imprinted_2022
BD56-1716,BA.2 convalescents,imprinted_2022
BD56-1717,BA.2 convalescents,imprinted_2022
BD56-1718,BA.2 convalescents,imprinted_2022
BD56-1719,BA.2 convalescents,imprinted_2022
BD56-1720,BA.2 convalescents,imprinted_2022
BD56-1721,BA.2 convalescents,imprinted_2022
BD56-1723,BA.2 convalescents,imprinted_2022
BD56-1724,BA.2 convalescents,imprinted_2022
BD56-1726,BA.2 convalescents,imprinted_2022
BD56-1727,BA.2 convalescents,imprinted_2022
BD56-1730,BA.2 convalescents,imprinted_2022
BD56-1731,BA.2 convalescents,imprinted_2022
BD56-1734,BA.2 convalescents,imprinted_2022
BD56-1735,BA.2 convalescents,imprinted_2022
BD56-1736,BA.2 convalescents,imprinted_2022
BD56-1738,BA.2 convalescents,imprinted_2022
BD56-1740,BA.2 convalescents,imprinted_2022
BD56-1741,BA.2 convalescents,imprinted_2022
BD56-1742,BA.2 convalescents,imprinted_2022
BD56-1743,BA.2 convalescents,imprinted_2022
BD56-1744,BA.2 convalescents,imprinted_2022
BD56-1745,BA.2 convalescents,imprinted_2022
BD56-1746,BA.2 convalescents,imprinted_2022
BD56-1748,BA.2 convalescents,imprinted_2022
BD56-1749,BA.2 convalescents,imprinted_2022
BD56-1750,BA.2 convalescents,imprinted_2022
BD56-1752,BA.2 convalescents,imprinted_2022
BD56-1753,BA.2 convalescents,imprinted_2022
BD56-1754,BA.2 convalescents,imprinted_2022
BD56-1755,BA.2 convalescents,imprinted_2022
BD56-1757,BA.2 convalescents,imprinted_2022
BD56-1758,BA.2 convalescents,imprinted_2022
BD56-1759,BA.2 convalescents,imprinted_2022
BD56-1760,BA.2 convalescents,imprinted_2022
BD56-1761,BA.2 convalescents,imprinted_2022
BD56-1762,BA.2 convalescents,imprinted_2022
BD56-1763,BA.2 convalescents,imprinted_2022
BD56-1764,BA.2 convalescents,imprinted_2022
BD56-1765,BA.2 convalescents,imprinted_2022
BD56-1766,BA.2 convalescents,imprinted_2022
BD56-1767,BA.2 convalescents,imprinted_2022
BD56-1769,BA.2 convalescents,imprinted_2022
BD56-1770,BA.2 convalescents,imprinted_2022
BD56-1771,BA.2 convalescents,imprinted_2022
BD56-1773,BA.2 convalescents,imprinted_2022
BD56-1774,BA.2 convalescents,imprinted_2022
BD56-1776,BA.2 convalescents,imprinted_2022
BD56-1777,BA.2 convalescents,imprinted_2022
BD56-1778,BA.2 convalescents,imprinted_2022
BD56-1779,BA.2 convalescents,imprinted_2022
BD56-1780,BA.2 convalescents,imprinted_2022
BD56-1781,BA.2 convalescents,imprinted_2022
BD56-1783,BA.2 convalescents,imprinted_2022
BD56-1784,BA.2 convalescents,imprinted_2022
BD56-1785,BA.2 convalescents,imprinted_2022
BD56-1786,BA.2 convalescents,imprinted_2022
BD56-1787,BA.2 convalescents,imprinted_2022
BD56-1789,BA.2 convalescents,imprinted_2022
BD56-1790,BA.2 convalescents,imprinted_2022
BD56-1793,BA.2 convalescents,imprinted_2022
BD56-1797,BA.2 convalescents,imprinted_2022
BD56-1798,BA.2 convalescents,imprinted_2022
BD56-1800,BA.2 convalescents,imprinted_2022
BD56-1801,BA.2 convalescents,imprinted_2022
BD56-1802,BA.2 convalescents,imprinted_2022
BD56-1803,BA.2 convalescents,imprinted_2022
BD56-1804,BA.2 convalescents,imprinted_2022
BD56-1805,BA.2 convalescents,imprinted_2022
BD56-1806,BA.2 convalescents,imprinted_2022
BD56-1807,BA.2 convalescents,imprinted_2022
BD56-1809,BA.2 convalescents,imprinted_2022
BD56-1810,BA.2 convalescents,imprinted_2022
BD56-1811,BA.2 convalescents,imprinted_2022
BD56-1812,BA.2 convalescents,imprinted_2022
BD56-1813,BA.2 convalescents,imprinted_2022
BD56-1814,BA.2 convalescents,imprinted_2022
BD56-1815,BA.2 convalescents,imprinted_2022
BD56-1816,BA.2 convalescents,imprinted_2022
BD56-1818,BA.2 convalescents,imprinted_2022
BD56-1820,BA.2 convalescents,imprinted_2022
BD56-1822,BA.2 convalescents,imprinted_2022
BD56-1824,BA.2 convalescents,imprinted_2022
BD56-1825,BA.2 convalescents,imprinted_2022
BD56-1826,BA.2 convalescents,imprinted_2022
BD56-1827,BA.2 convalescents,imprinted_2022
BD56-1828,BA.2 convalescents,imprinted_2022
BD56-1829,BA.2 convalescents,imprinted_2022
BD56-1831,BA.2 convalescents,imprinted_2022
BD56-1833,BA.2 convalescents,imprinted_2022
BD56-1834,BA.2 convalescents,imprinted_2022
BD56-1835,BA.2 convalescents,imprinted_2022
BD56-1837,BA.2 convalescents,imprinted_2022
BD56-1838,BA.2 convalescents,imprinted_2022
BD56-1839,BA.2 convalescents,imprinted_2022
BD56-1841,BA.2 convalescents,imprinted_2022
BD56-1842,BA.2 convalescents,imprinted_2022
BD56-1843,BA.2 convalescents,imprinted_2022
BD56-1844,BA.2 convalescents,imprinted_2022
BD56-1847,BA.2 convalescents,imprinted_2022
BD56-1849,BA.2 convalescents,imprinted_2022
BD56-1850,BA.2 convalescents,imprinted_2022
BD56-1851,BA.2 convalescents,imprinted_2022
BD56-1852,BA.2 convalescents,imprinted_2022
BD56-1853,BA.2 convalescents,imprinted_2022
BD56-1854,BA.2 convalescents,imprinted_2022
BD56-1856,BA.2 convalescents,imprinted_2022
BD56-1857,BA.2 convalescents,imprinted_2022
BD56-1859,BA.2 convalescents,imprinted_2022
BD56-1860,BA.2 convalescents,imprinted_2022
BD56-1861,BA.2 convalescents,imprinted_2022
BD56-1862,BA.2 convalescents,imprinted_2022
BD56-1863,BA.2 convalescents,imprinted_2022
BD56-1864,BA.2 convalescents,imprinted_2022
BD56-1865,BA.2 convalescents,imprinted_2022
BD56-1866,BA.2 convalescents,imprinted_2022
BD56-1869,BA.2 convalescents,imprinted_2022
BD56-1870,BA.2 convalescents,imprinted_2022
BD56-1872,BA.2 convalescents,imprinted_2022
BD56-1873,BA.2 convalescents,imprinted_2022
BD56-1877,BA.2 convalescents,imprinted_2022
BD56-1878,BA.2 convalescents,imprinted_2022
BD56-1879,BA.2 convalescents,imprinted_2022
BD56-1880,BA.2 convalescents,imprinted_2022
BD56-1881,BA.2 convalescents,imprinted_2022
BD56-1883,BA.2 convalescents,imprinted_2022
BD56-1885,BA.2 convalescents,imprinted_2022
BD56-1886,BA.2 convalescents,imprinted_2022
BD56-1887,BA.2 convalescents,imprinted_2022
BD56-1888,BA.2 convalescents,imprinted_2022
BD56-1889,BA.2 convalescents,imprinted_2022
BD56-1890,BA.2 convalescents,imprinted_2022
BD56-1891,BA.2 convalescents,imprinted_2022
BD56-1892,BA.2 convalescents,imprinted_2022
BD56-1893,BA.2 convalescents,imprinted_2022
BD56-1894,BA.2 convalescents,imprinted_2022
BD56-1895,BA.2 convalescents,imprinted_2022
BD56-1896,BA.2 convalescents,imprinted_2022
BD56-1898,BA.2 convalescents,imprinted_2022
BD56-1899,BA.2 convalescents,imprinted_2022
BD56-1900,BA.2 convalescents,imprinted_2022
BD56-1902,BA.2 convalescents,imprinted_2022
BD56-1903,BA.2 convalescents,imprinted_2022
BD56-1904,BA.2 convalescents,imprinted_2022
BD56-1907,BA.2 convalescents,imprinted_2022
BD56-1908,BA.2 convalescents,imprinted_2022
BD56-1910,BA.2 convalescents,imprinted_2022
BD56-1911,BA.2 convalescents,imprinted_2022
BD56-1912,BA.2 convalescents,imprinted_2022
BD56-1915,BA.2 convalescents,imprinted_2022
BD56-1916,BA.2 convalescents,imprinted_2022
BD56-1918,BA.2 convalescents,imprinted_2022
BD56-1921,BA.2 convalescents,imprinted_2022
BD56-1923,BA.2 convalescents,imprinted_2022
BD56-1924,BA.2 convalescents,imprinted_2022
BD56-1925,BA.2 convalescents,imprinted_2022
BD56-1926,BA.2 convalescents,imprinted_2022
BD56-1927,BA.2 convalescents,imprinted_2022
BD56-1928,BA.2 convalescents,imprinted_2022
BD56-1930,BA.2 convalescents,imprinted_2022
BD56-1932,BA.2 convalescents,imprinted_2022
BD56-1934,BA.2 convalescents,imprinted_2022
BD56-1935,BA.2 convalescents,imprinted_2022
BD56-1944,BA.2 convalescents,imprinted_2022
BD56-1945,BA.2 convalescents,imprinted_2022
BD56-1949,BA.2 convalescents,imprinted_2022
BD56-1950,BA.2 convalescents,imprinted_2022
BD57-0102,BA.5 convalescents,imprinted_2022
BD57-0103,BA.5 convalescents,imprinted_2022
BD57-0104,BA.5 convalescents,imprinted_2022
BD57-0105,BA.5 convalescents,imprinted_2022
BD57-0110,BA.5 convalescents,imprinted_2022
BD57-0111,BA.5 convalescents,imprinted_2022
BD57-0113,BA.5 convalescents,imprinted_2022
BD57-0115,BA.5 convalescents,imprinted_2022
BD57-0118,BA.5 convalescents,imprinted_2022
BD57-0120,BA.5 convalescents,imprinted_2022
BD57-0121,BA.5 convalescents,imprinted_2022
BD57-0125,BA.5 convalescents,imprinted_2022
BD57-0127,BA.5 convalescents,imprinted_2022
BD57-0131,BA.5 convalescents,imprinted_2022
BD57-0132,BA.5 convalescents,imprinted_2022
BD57-0133,BA.5 convalescents,imprinted_2022
BD57-0134,BA.5 convalescents,imprinted_2022
BD57-0135,BA.5 convalescents,imprinted_2022
BD57-0140,BA.5 convalescents,imprinted_2022
BD57-0141,BA.5 convalescents,imprinted_2022
BD57-0142,BA.5 convalescents,imprinted_2022
BD57-0145,BA.5 convalescents,imprinted_2022
BD57-0151,BA.5 convalescents,imprinted_2022
BD57-0154,BA.5 convalescents,imprinted_2022
BD57-0155,BA.5 convalescents,imprinted_2022
BD57-0156,BA.5 convalescents,imprinted_2022
BD57-0160,BA.5 convalescents,imprinted_2022
BD57-0162,BA.5 convalescents,imprinted_2022
BD57-0169,BA.5 convalescents,imprinted_2022
BD57-0171,BA.5 convalescents,imprinted_2022
BD57-0174,BA.5 convalescents,imprinted_2022
BD57-0175,BA.5 convalescents,imprinted_2022
BD57-0176,BA.5 convalescents,imprinted_2022
BD57-0177,BA.5 convalescents,imprinted_2022
BD57-0178,BA.5 convalescents,imprinted_2022
BD57-0179,BA.5 convalescents,imprinted_2022
BD57-0181,BA.5 convalescents,imprinted_2022
BD57-0183,BA.5 convalescents,imprinted_2022
BD57-0186,BA.5 convalescents,imprinted_2022
BD57-0187,BA.5 convalescents,imprinted_2022
BD57-0188,BA.5 convalescents,imprinted_2022
BD57-0189,BA.5 convalescents,imprinted_2022
BD57-0190,BA.5 convalescents,imprinted_2022
BD57-0191,BA.5 convalescents,imprinted_2022
BD57-0193,BA.5 convalescents,imprinted_2022
BD57-0195,BA.5 convalescents,imprinted_2022
BD57-0196,BA.5 convalescents,imprinted_2022
BD57-0198,BA.5 convalescents,imprinted_2022
BD57-0200,BA.5 convalescents,imprinted_2022
BD57-0201,BA.5 convalescents,imprinted_2022
BD57-0205,BA.5 convalescents,imprinted_2022
BD57-0206,BA.5 convalescents,imprinted_2022
BD57-0207,BA.5 convalescents,imprinted_2022
BD57-0209,BA.5 convalescents,imprinted_2022
BD57-0212,BA.5 convalescents,imprinted_2022
BD57-0215,BA.5 convalescents,imprinted_2022
BD57-0217,BA.5 convalescents,imprinted_2022
BD57-0219,BA.5 convalescents,imprinted_2022
BD57-0220,BA.5 convalescents,imprinted_2022
BD57-0221,BA.5 convalescents,imprinted_2022
BD57-0222,BA.5 convalescents,imprinted_2022
BD57-0223,BA.5 convalescents,imprinted_2022
BD57-0224,BA.5 convalescents,imprinted_2022
BD57-0227,BA.5 convalescents,imprinted_2022
BD57-0228,BA.5 convalescents,imprinted_2022
BD57-0229,BA.5 convalescents,imprinted_2022
BD57-0230,BA.5 convalescents,imprinted_2022
BD57-0235,BA.5 convalescents,imprinted_2022
BD57-0236,BA.5 convalescents,imprinted_2022
BD57-0238,BA.5 convalescents,imprinted_2022
BD57-0239,BA.5 convalescents,imprinted_2022
BD57-0240,BA.5 convalescents,imprinted_2022
BD57-0241,BA.5 convalescents,imprinted_2022
BD57-0242,BA.5 convalescents,imprinted_2022
BD57-0244,BA.5 convalescents,imprinted_2022
BD57-0245,BA.5 convalescents,imprinted_2022
BD57-0247,BA.5 convalescents,imprinted_2022
BD57-0248,BA.5 convalescents,imprinted_2022
BD57-0256,BA.5 convalescents,imprinted_2022
BD57-0259,BA.5 convalescents,imprinted_2022
BD57-0263,BA.5 convalescents,imprinted_2022
BD57-0265,BA.5 convalescents,imprinted_2022
BD57-0267,BA.5 convalescents,imprinted_2022
BD57-0269,BA.5 convalescents,imprinted_2022
BD57-0270,BA.5 convalescents,imprinted_2022
BD57-0272,BA.5 convalescents,imprinted_2022
BD57-0279,BA.5 convalescents,imprinted_2022
BD57-0281,BA.5 convalescents,imprinted_2022
BD57-0282,BA.5 convalescents,imprinted_2022
BD57-0284,BA.5 convalescents,imprinted_2022
BD57-0285,BA.5 convalescents,imprinted_2022
BD57-0286,BA.5 convalescents,imprinted_2022
BD57-0287,BA.5 convalescents,imprinted_2022
BD57-0288,BA.5 convalescents,imprinted_2022
BD57-0289,BA.5 convalescents,imprinted_2022
BD57-0292,BA.5 convalescents,imprinted_2022
BD57-0293,BA.5 convalescents,imprinted_2022
BD57-0296,BA.5 convalescents,imprinted_2022
BD57-0299,BA.5 convalescents,imprinted_2022
BD57-0304,BA.5 convalescents,imprinted_2022
BD57-0306,BA.5 convalescents,imprinted_2022
BD57-0307,BA.5 convalescents,imprinted_2022
BD57-0310,BA.5 convalescents,imprinted_2022
BD57-0311,BA.5 convalescents,imprinted_2022
BD57-0312,BA.5 convalescents,imprinted_2022
BD57-0313,BA.5 convalescents,imprinted_2022
BD57-0314,BA.5 convalescents,imprinted_2022
BD57-0315,BA.5 convalescents,imprinted_2022
BD57-0316,BA.5 convalescents,imprinted_2022
BD57-0317,BA.5 convalescents,imprinted_2022
BD57-0319,BA.5 convalescents,imprinted_2022
BD57-0320,BA.5 convalescents,imprinted_2022
BD57-0322,BA.5 convalescents,imprinted_2022
BD57-0324,BA.5 convalescents,imprinted_2022
BD57-0326,BA.5 convalescents,imprinted_2022
BD57-0329,BA.5 convalescents,imprinted_2022
BD57-0330,BA.5 convalescents,imprinted_2022
BD57-0334,BA.5 convalescents,imprinted_2022
BD57-0340,BA.5 convalescents,imprinted_2022
BD57-0343,BA.5 convalescents,imprinted_2022
BD57-0348,BA.5 convalescents,imprinted_2022
BD57-0351,BA.5 convalescents,imprinted_2022
BD57-0354,BA.5 convalescents,imprinted_2022
BD57-0355,BA.5 convalescents,imprinted_2022
BD57-0362,BA.5 convalescents,imprinted_2022
BD57-0366,BA.5 convalescents,imprinted_2022
BD57-0368,BA.5 convalescents,imprinted_2022
BD57-0376,BA.5 convalescents,imprinted_2022
BD57-0377,BA.5 convalescents,imprinted_2022
BD57-0385,BA.5 convalescents,imprinted_2022
BD57-0386,BA.5 convalescents,imprinted_2022
BD57-0388,BA.5 convalescents,imprinted_2022
BD57-0389,BA.5 convalescents,imprinted_2022
BD57-0390,BA.5 convalescents,imprinted_2022
BD57-0393,BA.5 convalescents,imprinted_2022
BD57-0394,BA.5 convalescents,imprinted_2022
BD57-0397,BA.5 convalescents,imprinted_2022
BD57-0399,BA.5 convalescents,imprinted_2022
BD57-0400,BA.5 convalescents,imprinted_2022
BD57-0401,BA.5 convalescents,imprinted_2022
BD57-0403,BA.5 convalescents,imprinted_2022
BD57-0404,BA.5 convalescents,imprinted_2022
BD57-0408,BA.5 convalescents,imprinted_2022
BD57-0411,BA.5 convalescents,imprinted_2022
BD57-0412,BA.5 convalescents,imprinted_2022
